BOOT_BUTTON,23.84,85.75,180.00,BUTTON_CUSYOMV1,MYBUTTON
C1,158.44,-15.01,270.00,100nF,EAGLE-LTSPICE_C0402
C10,33.02,85.79,270.00,100nF,EAGLE-LTSPICE_C0402
C10_SUPERCAP,96.40,29.90,270.00,CPH3225A,CAPCP3225X100N
C1_BAT,110.79,7.83,270.00,4.7uF,EAGLE-LTSPICE_C0402
C1_BAT1,119.41,34.73,90.00,4.7uF,EAGLE-LTSPICE_C0402
C1_BAT2,125.15,12.53,180.00,4.7uF,EAGLE-LTSPICE_C0402
C2,160.12,-15.04,270.00,100nF,EAGLE-LTSPICE_C0402
C2_BAT,117.73,34.83,88.30,4.7uF,EAGLE-LTSPICE_C0402
C3,124.82,7.45,270.00,"100uF TANT",RCL_CT3528
C4,92.95,14.79,270.00,4.7uF/25V,EAGLE-LTSPICE_C0402
C4_USB,152.27,28.91,180.00,100nF,EAGLE-LTSPICE_C0402
C5,45.02,85.82,270.00,1uF,EAGLE-LTSPICE_C0402
C5_USB,152.88,22.31,180.00,4.7uF,EAGLE-LTSPICE_C0402
C6,19.64,85.69,270.00,100nF,EAGLE-LTSPICE_C0402
C7,69.80,4.69,0.00,10uF,EAGLE-LTSPICE_C0402
C8,93.50,29.59,90.00,100nF,EAGLE-LTSPICE_C0402
C9,7.18,77.49,90.00,100nF,EAGLE-LTSPICE_C0402
CHANGE_BUTTON,36.66,85.75,180.00,BUTTON_CUSYOMV1,MYBUTTON
CHG_LED,125.67,32.15,270.00,,ADAFRUIT_CHIP-LED0603
C_DELAY,43.93,72.57,270.00,100nF,EAGLE-LTSPICE_C0402
D1,152.95,25.53,0.00,USBLC6-2SC6Y,SOT95P280X145-6N
D10,17.06,13.23,90.00,PGB1010603MR,DIOC1608X36N
D11,63.48,6.43,90.00,PGB1010603MR,DIOC1608X36N
D12,26.30,43.13,90.00,PGB1010603MR,DIOC1608X36N
D2,115.92,7.64,180.00,ESP32_WROVER_AVX---SD0805S020S1R0_AVX_SD0805S020S1R0_0_0AVX_SD0805S020S1R0_0_0,ESP32_WROVER_AVX---SD0805S020S1R0_AVX_SD0805S020S1R0_0
D3,68.31,21.34,0.00,MBR0530,SOD3716X135N
D4,89.25,14.74,0.00,MBR0530,SOD3716X135N
D5,89.09,10.74,180.00,MBR0530,SOD3716X135N
D6,12.85,13.14,90.00,PGB1010603MR,DIOC1608X36N
D7,84.67,44.94,0.00,ESP32_WROVER_AVX---SD0805S020S1R0_AVX_SD0805S020S1R0_0_0AVX_SD0805S020S1R0_0_0,ESP32_WROVER_AVX---SD0805S020S1R0_AVX_SD0805S020S1R0_0
D8,15.03,13.14,90.00,PGB1010603MR,DIOC1608X36N
D9,18.94,72.93,0.00,PGB1010603MR,DIOC1608X36N
EPD_C1,76.43,-4.67,90.00,1uF/50V,EAGLE-LTSPICE_C0402
EPD_C10,64.95,-5.05,90.00,1uF/50V,EAGLE-LTSPICE_C0402
EPD_C11,63.25,-5.19,90.00,1uF/50V,EAGLE-LTSPICE_C0402
EPD_C12,61.54,-4.89,90.00,1uF/50V,EAGLE-LTSPICE_C0402
EPD_C2,74.69,-4.67,270.00,1uF/50V,EAGLE-LTSPICE_C0402
EPD_C5,72.33,-4.85,90.00,0.1uF/50V,EAGLE-LTSPICE_C0402
EPD_C6,53.25,1.13,90.00,1uF/50V,EAGLE-LTSPICE_C0402
EPD_C7,70.26,-4.87,90.00,1uF/50V,EAGLE-LTSPICE_C0402
EPD_C8,68.63,-5.15,90.00,1uF/50V,EAGLE-LTSPICE_C0402
EPD_C9,66.79,-4.85,90.00,1uF/50V,EAGLE-LTSPICE_C0402
FH34SRJ-24S-0.5SH_99_1,68.58,-9.65,0.00,FH34SRJ-24S-0.5SH_99_,FH34SRJ24S05SH99
IC2,39.57,72.63,180.00,BD5229G-TR,SOT95P280X125-5N
IC4,119.91,7.03,90.00,XC6220A331MR-G,SOT95P280X120-5N
J1,167.16,-4.01,90.00,QWIIC_RIGHT_ANGLE,JST04_1MM_RA
J2,166.63,30.86,90.00,SAMACSYS_PARTS_USB4110-GF-A,SAMACSYS_PARTS_USB4110GFA
J4,8.28,65.61,270.00,112A-TAAR-R03_ATTEND,112ATAARR03ATTEND
L1,68.03,13.85,89.90,68uH,IND_4828-WE-TPC_WRE
MCP1,122.21,33.72,180.00,ESP32_WROVER_SPARKFUN-IC-POWER_MCP73831,ESP32_WROVER_SPARKFUN-IC-POWER_SOT23-5
PFMF.050.1,159.63,19.14,180.00,ESP32C6_VARISTORCN1812,ESP32C6_VARISTOR_CT/CN1812
Q1,118.61,31.21,90.00,20V/4.2A/52mΩ/1.4W,ESP32_WROVER_SPARKFUN-DISCRETESEMI_SOT23-3
Q2,57.68,8.36,0.00,20V/4.2A/52mΩ/1.4W,ESP32_WROVER_SPARKFUN-DISCRETESEMI_SOT23-3
Q3,49.32,1.24,90.00,SI1308EDL-T1-GE3,SOT65P210X110-3N
R1,18.47,9.27,90.00,10k,ESP32_WROVER_EAGLE-LTSPICE_R0402
R10,4.61,77.67,90.00,10K,ESP32_WROVER_EAGLE-LTSPICE_R0402
R1_BAT,125.76,34.01,0.00,200,ESP32_WROVER_EAGLE-LTSPICE_R0402
R1_PINH,57.76,12.31,356.70,10k,ESP32_WROVER_EAGLE-LTSPICE_R0402
R1_PINH1,93.71,40.35,270.00,10k,ESP32_WROVER_EAGLE-LTSPICE_R0402
R1_PWRUSB,114.22,5.07,90.00,100k,ESP32_WROVER_EAGLE-LTSPICE_R0402
R2,54.41,-6.43,90.00,2.2,ESP32_WROVER_EAGLE-LTSPICE_R0402
R2_BAT,126.02,30.61,180.00,2K,ESP32_WROVER_EAGLE-LTSPICE_R0402
R2_PINH,156.80,-15.09,270.00,10k,ESP32_WROVER_EAGLE-LTSPICE_R0402
R2_PINH1,86.65,26.95,179.60,10k,ESP32_WROVER_EAGLE-LTSPICE_R0402
R2_USB,158.23,34.39,270.00,5k1,ESP32_WROVER_EAGLE-LTSPICE_R0402
R2_USB1,158.72,30.63,270.00,5k1,ESP32_WROVER_EAGLE-LTSPICE_R0402
R3,51.09,-4.83,180.00,0.47,ESP32_WROVER_EAGLE-LTSPICE_R0402
R4,52.59,-1.63,180.00,10k,ESP32_WROVER_EAGLE-LTSPICE_R0402
R5,15.85,9.07,90.00,10K,ESP32_WROVER_EAGLE-LTSPICE_R0402
R6,13.83,9.17,90.00,10K,ESP32_WROVER_EAGLE-LTSPICE_R0402
R7,51.61,1.17,90.00,10K,ESP32_WROVER_EAGLE-LTSPICE_R0402
R8,11.47,9.17,90.00,10K,ESP32_WROVER_EAGLE-LTSPICE_R0402
R9,52.79,13.97,90.00,10K,ESP32_WROVER_EAGLE-LTSPICE_R0402
RESET_BUTTON,49.26,85.75,180.00,BUTTON_CUSYOMV1,MYBUTTON
R_BOOT,27.29,85.95,270.00,10K,ESP32_WROVER_EAGLE-LTSPICE_R0402
R_CAPACITOR,82.42,42.57,0.00,15,ESP32_WROVER_EAGLE-LTSPICE_R0402
R_CHANGE,40.22,85.97,270.00,10K,ESP32_WROVER_EAGLE-LTSPICE_R0402
R_CL1,57.86,10.79,0.00,10k,ESP32_WROVER_EAGLE-LTSPICE_R0402
R_RESET,53.26,85.57,270.00,10K,ESP32_WROVER_EAGLE-LTSPICE_R0402
SENSOR2,158.64,-9.79,180.00,ESP32_WROVER_BME680_BME680,ESP32_WROVER_BME680_PSON80P300X300X100-8N
SJ1,50.38,-6.95,2.20,,SJ
TP1,11.66,44.87,0.00,TPTP20R,TP20R
TP10,6.44,12.35,0.00,TPTP20R,TP20R
TP11,2.99,15.55,0.00,TPTP20R,TP20R
TP12,40.74,-10.85,0.00,TPTP20R,TP20R
TP13,55.29,18.45,0.00,TPTP20R,TP20R
TP14,143.24,32.25,0.00,TPTP20R,TP20R
TP15,73.29,35.85,0.00,TPTP20R,TP20R
TP16,164.44,4.25,0.00,TPTP20R,TP20R
TP17,59.89,18.25,0.00,TPTP20R,TP20R
TP2,12.91,42.17,0.00,TPTP20R,TP20R
TP3,130.86,39.37,0.00,TPTP20R,TP20R
TP4,25.41,12.27,0.00,TPTP20R,TP20R
TP5,102.89,35.45,0.00,TPTP20R,TP20R
TP6,7.14,43.75,0.00,TPTP20R,TP20R
TP7,41.39,53.25,0.00,TPTP20R,TP20R
TP8,51.14,51.35,0.00,TPTP20R,TP20R
TP9,9.59,47.55,0.00,TPTP20R,TP20R
U1,35.22,46.36,0.00,W25Q512JVEIQ,SON127P600X800X80-9N
U2,16.00,30.04,90.00,ESP32-C6-WROOM-1-N8,XCVR_ESP32-C6-WROOM-1-N8
U3,85.39,34.22,90.00,DS3231SN#,SOIC127P1032X265-16N
U4,125.00,37.75,267.80,MAX17048G+T10,SON50P200X200X80-9N
